{
  "test_auc": 0.9037713542217101,
  "test_f1": 0.22651760526590742,
  "bio_acc": 0.90625,
  "bio_f1": 0.8981972428419936,
  "best_epoch": 94
}