{
  "loss": [
    3.609653949737549,
    3.403388023376465,
    3.309819221496582,
    3.1552908420562744,
    3.126619815826416,
    2.892174243927002,
    2.7972283363342285,
    2.719183921813965,
    2.707915782928467,
    2.6040561199188232,
    2.506509780883789,
    2.406968832015991,
    2.3735179901123047,
    2.2880964279174805,
    2.257774829864502,
    2.1661715507507324,
    2.1483023166656494,
    2.0391037464141846,
    1.9426606893539429,
    1.970988154411316,
    1.937595248222351,
    1.860107660293579,
    1.8502027988433838,
    1.7387161254882812,
    1.6953582763671875,
    1.6694695949554443,
    1.6664855480194092,
    1.6529752016067505,
    1.5506210327148438,
    1.5562716722488403,
    1.5239126682281494,
    1.505784273147583,
    1.4595160484313965,
    1.475595235824585,
    1.4011497497558594,
    1.3739405870437622,
    1.3233438730239868,
    1.279895544052124,
    1.3240125179290771,
    1.252050757408142,
    1.25078284740448,
    1.2884045839309692,
    1.1821554899215698,
    1.2168563604354858,
    1.1506843566894531,
    1.184728980064392,
    1.1592862606048584,
    1.1614329814910889,
    1.1015688180923462,
    1.0927485227584839,
    1.0764009952545166,
    1.0701042413711548,
    1.0830432176589966,
    1.0689280033111572,
    1.0349420309066772,
    1.034935474395752,
    1.0560781955718994,
    1.0348454713821411,
    1.0274274349212646,
    1.0087052583694458,
    1.0261497497558594,
    0.9899142980575562,
    1.0194244384765625,
    1.0140552520751953,
    0.994361937046051,
    0.9968088269233704,
    1.0098553895950317,
    0.9800819158554077,
    0.9907446503639221,
    0.9832707047462463,
    0.9922218918800354,
    0.9755810499191284,
    0.9693113565444946,
    0.9812440276145935,
    0.9964828491210938,
    0.9880673885345459,
    0.9620557427406311,
    0.9574562311172485,
    0.9664943218231201,
    0.9488120079040527,
    0.9498499035835266,
    0.9611989855766296,
    0.9414091110229492,
    0.9555361866950989,
    0.9747564196586609,
    0.9579280018806458,
    0.9581018090248108,
    0.9545793533325195,
    0.9648325443267822,
    0.9452213048934937,
    0.9584852457046509,
    0.9539332389831543,
    0.9629117846488953,
    0.9578384160995483,
    0.9561038017272949,
    0.9476304054260254,
    0.9525557160377502,
    0.9293552041053772,
    0.9828128218650818,
    0.9447829723358154
  ],
  "val_auc": [
    0.4995059347674139,
    0.50798157556097,
    0.5148330104286964,
    0.5248869127901604,
    0.5366119977064198,
    0.5507930893189225,
    0.5672208190294412,
    0.5869938037749354,
    0.6084294616988519,
    0.6299771433296477,
    0.6514503384172133,
    0.6715785054009283,
    0.6882635169198267,
    0.7038444312529455,
    0.7204559572501417,
    0.7350689760006169,
    0.7457970684663323,
    0.7543682456541637,
    0.7625466269021891,
    0.774390241876191,
    0.7870990295399249,
    0.7976608681917626,
    0.8065196158027852,
    0.813963076417744,
    0.8197429445839258,
    0.8274445784251023,
    0.8366926388704554,
    0.8453981650332626,
    0.8553249512653142,
    0.8644227772494456,
    0.8725806757181515,
    0.8793870766830669,
    0.888658794042431,
    0.893234303660689,
    0.8960863808348359,
    0.8978186604687122,
    0.8989134773582564,
    0.8996536639231788,
    0.9001585113437893,
    0.900174041125347,
    0.9007795660324155,
    0.9027048781884933,
    0.904344080489852,
    0.9064795064819687,
    0.9079214941098137,
    0.9091530694089294,
    0.9103384580665833,
    0.9115440762205198,
    0.9126956796582374,
    0.9136238948873942,
    0.914198770367785,
    0.9146519837957812,
    0.9149998883939703,
    0.9151757702273976,
    0.9151530674961452,
    0.9150454646998613,
    0.9150217167928015,
    0.9150081679156776,
    0.9149089908859805,
    0.9148207636450119,
    0.9148596006382078,
    0.9148034190153603,
    0.9150059037633111,
    0.9152026525067534,
    0.9154662118893816,
    0.9156959400673234,
    0.9158482447951607,
    0.9159634792502886,
    0.9161495773989918,
    0.9163678435496885,
    0.9165320653786161,
    0.9166647139316783,
    0.9166933320365969,
    0.9167407002532169,
    0.916722313103977,
    0.9167707040117272,
    0.9167782898757025,
    0.9167853971118347,
    0.916770430750647,
    0.9167691093818137,
    0.9167508688591209,
    0.9167224747688171,
    0.9166944383173556,
    0.9167035847802478,
    0.916737336201781,
    0.9167771081542763,
    0.9168303382497366,
    0.9168509070676805,
    0.9168704287017059,
    0.9168821502598324,
    0.9169044621300928,
    0.9169302098519679,
    0.916944951806957,
    0.9169524222796158,
    0.9169488637566897,
    0.9169437148512679,
    0.9169452970856596,
    0.9169470466563625,
    0.9169492287111624,
    0.9169502789601442
  ],
  "val_f1": [
    0.05807631726030182,
    0.05891061309918832,
    0.059695719443011865,
    0.06062980813186526,
    0.06146786543232932,
    0.06339404041370077,
    0.06572849314682556,
    0.0690892122838228,
    0.073198592686233,
    0.07822723148192369,
    0.08306245359293787,
    0.08771069671507549,
    0.09311348205625607,
    0.09730698358494075,
    0.09979175618946881,
    0.10269042515755462,
    0.10488129678100748,
    0.10574245939675174,
    0.10569397970188878,
    0.10538573508005822,
    0.10607396649203797,
    0.10636182902584493,
    0.10537736319648826,
    0.10501251902400707,
    0.10434909338223684,
    0.10398930725974448,
    0.10377110020351969,
    0.10354937903744846,
    0.10320956576463185,
    0.10315430520034101,
    0.1038710369231869,
    0.10406457535977871,
    0.10422410809133335,
    0.10463876139917794,
    0.105502928628245,
    0.10707610146862483,
    0.10888224042375791,
    0.1111111111111111,
    0.11410873349032456,
    0.11835370866371424,
    0.12487965508099737,
    0.13398371073122706,
    0.14431732481827955,
    0.15561021235320607,
    0.16730590206665424,
    0.17870850983433764,
    0.18925066340929195,
    0.19803856749311294,
    0.2043145188788616,
    0.2097670292730753,
    0.21367257163238615,
    0.216815120573539,
    0.21895815542271563,
    0.2202448257214493,
    0.22110701836790192,
    0.22134465886794327,
    0.2217015230450931,
    0.22176129548180729,
    0.2220109103648466,
    0.22214430614340455,
    0.22240052152546197,
    0.22266850759382453,
    0.2231895727442001,
    0.22383163419804178,
    0.22418237881008948,
    0.22443196194524567,
    0.22450580880305754,
    0.22463089117937549,
    0.22468779289206373,
    0.22472764124651634,
    0.22476180823028583,
    0.22477889561845874,
    0.22480168284461566,
    0.2248073803730738,
    0.22481307819034343,
    0.22483587234797597,
    0.2248472711602322,
    0.22486437154591085,
    0.2248700722525035,
    0.2248700722525035,
    0.2248700722525035,
    0.2248700722525035,
    0.22487577324814928,
    0.22488147453287022,
    0.2248871761066883,
    0.22489858012170386,
    0.22489858012170386,
    0.2249042825629453,
    0.22490998529337186,
    0.22491568831300554,
    0.22491568831300554,
    0.22491568831300554,
    0.22491568831300554,
    0.22491568831300554,
    0.22491568831300554,
    0.22491568831300554,
    0.22491568831300554,
    0.22491568831300554,
    0.22492139162186833,
    0.22492139162186833
  ],